{
  "timing_total": 5.152576069,
  "timing_merging": 0.045446478,
  "level_merge": 13.0,
  "merge_level_12": 238119.0,
  "level_1": 2024363187.0,
  "level_10": 74992156.0,
  "level_9": 113502864.0,
  "merge_level_4": 11180157.0,
  "level_0": 1352078002.0,
  "level_12": 32047693.0,
  "timing_identify bp": 3.737e-06,
  "level_4": 1211180188.0,
  "merge_level_6": 3172030.0,
  "merge_level_13": 182966.0,
  "merge_level_8": 1207659.0,
  "level_2": 1362405112.0,
  "level_6": 425231985.0,
  "level_3": 1356871168.0,
  "timing_build ht": 2.4285906,
  "level_8": 165674293.0,
  "level_cp": 13.0,
  "level_13": 22423841.0,
  "timing_identify cp": 1.553161425,
  "level_11": 48003626.0,
  "merge_level_0": 171912154.0,
  "merge_level_5": 5982380.0,
  "merge_level_1": 87017752.0,
  "merge_level_11": 379743.0,
  "merge_level_10": 479390.0,
  "merge_level_2": 43140148.0,
  "merge_level_3": 22546662.0,
  "level_5": 835334308.0,
  "merge_level_7": 1563364.0,
  "level_7": 275193995.0,
  "merge_level_9": 699232.0
}