{
  "timing_total": 7.289764969,
  "timing_merging": 0.067755403,
  "level_merge": 13.0,
  "merge_level_12": 930375.0,
  "level_1": 1448301893.0,
  "level_10": 162507037.0,
  "level_9": 233005593.0,
  "merge_level_4": 35613829.0,
  "level_0": 1352078002.0,
  "level_12": 80635424.0,
  "timing_identify bp": 5.418e-06,
  "level_4": 1446745535.0,
  "merge_level_6": 11041478.0,
  "merge_level_13": 682480.0,
  "merge_level_8": 5724427.0,
  "level_2": 1667736044.0,
  "level_6": 628552246.0,
  "level_3": 1363063266.0,
  "timing_build ht": 2.675211248,
  "level_8": 313081866.0,
  "level_cp": 13.0,
  "level_13": 57683933.0,
  "timing_identify cp": 3.000320123,
  "level_11": 110423399.0,
  "merge_level_0": 331209454.0,
  "merge_level_5": 14780923.0,
  "merge_level_1": 167288294.0,
  "merge_level_11": 1575802.0,
  "merge_level_10": 2260294.0,
  "merge_level_2": 102862133.0,
  "merge_level_3": 47978334.0,
  "level_5": 1230782808.0,
  "merge_level_7": 4455063.0,
  "level_7": 461160424.0,
  "merge_level_9": 5284222.0
}