source_file,inputnpy,delta,L_gb,threads,eps,minPts,runtime_s,n_clusters,noise,noise_frac,max_cluster_share,median_cluster_size,p90_cluster_size,p99_cluster_size
srr_tuning_report2.json,,0.01,4.0,24,0.8054169267416,5,7.332737445831299,878,32378,0.6226298988500443,0.264643667551248,3.0,11.0,70.69000000000005
srr_tuning_report3.json,,0.05,4.0,24,0.9216665029525757,15,5.327158451080322,209,35314,0.6790892657974693,0.2980269989615784,2.0,12.200000000000017,65.55999999999977
srr_tuning_report4.json,,0.01,3.0,24,0.8962620794773102,15,6.828976392745972,196,35722,0.6869351178800815,0.2939310026537441,2.0,11.0,53.05000000000001
srr_tuning_report5.json,,0.01,3.0,24,0.851339864730835,10,6.822861671447754,367,35773,0.6879158493904081,0.2698550055767086,2.0,12.400000000000034,56.059999999999775
srr_tuning_report5.json,,0.01,3.0,24,0.8669949662685394,12,7.421365022659302,286,36182,0.6957809315026345,0.27033575631706475,2.0,14.0,52.999999999999545
srr_tuning_report4.json,,0.01,3.0,24,1.003104305267334,45,7.450819492340088,54,36356,0.6991269566555133,0.29758470828045075,2.0,5.700000000000003,7285.439999999982
