{
  "metadata": {
    "timestamp": "20260130_160836",
    "dataset": "data/embeddings/instructor_large_768d.npy",
    "shape": {
      "n_samples": 52002,
      "n_features": 768
    },
    "l2_normalized": true,
    "metric": "euclidean",
    "minPts_values": [
      10,
      15,
      20,
      25,
      30
    ]
  },
  "results": {
    "10": {
      "kth_sorted": null,
      "eps_elbow": 0.2912444472312927,
      "elbow_idx": 49053,
      "statistics": {
        "mean": 0.22309258892389472,
        "std": 0.045086266851330555,
        "min": 0.07257837802171707,
        "max": 0.38726410269737244,
        "median": 0.22539230436086655,
        "q70": 0.2495188444852829,
        "q80": 0.2625718176364899,
        "q90": 0.2801023781299591
      }
    },
    "15": {
      "kth_sorted": null,
      "eps_elbow": 0.29659345746040344,
      "elbow_idx": 48851,
      "statistics": {
        "mean": 0.23140598645885171,
        "std": 0.04412060844414668,
        "min": 0.0845751091837883,
        "max": 0.3893529772758484,
        "median": 0.23421770334243774,
        "q70": 0.25701407492160794,
        "q80": 0.26972429156303407,
        "q90": 0.2867678552865982
      }
    },
    "20": {
      "kth_sorted": null,
      "eps_elbow": 0.3015235662460327,
      "elbow_idx": 48930,
      "statistics": {
        "mean": 0.2373223331020851,
        "std": 0.043429139268074825,
        "min": 0.08893541991710663,
        "max": 0.3905476927757263,
        "median": 0.24030578881502151,
        "q70": 0.26247017085552216,
        "q80": 0.27490746378898623,
        "q90": 0.29166772663593293
      }
    },
    "25": {
      "kth_sorted": null,
      "eps_elbow": 0.30373743176460266,
      "elbow_idx": 48698,
      "statistics": {
        "mean": 0.241909347875888,
        "std": 0.04294417042886493,
        "min": 0.09296764433383942,
        "max": 0.39172127842903137,
        "median": 0.244981087744236,
        "q70": 0.2667454779148102,
        "q80": 0.2789685547351837,
        "q90": 0.2954031258821488
      }
    },
    "30": {
      "kth_sorted": null,
      "eps_elbow": 0.30765119194984436,
      "elbow_idx": 48838,
      "statistics": {
        "mean": 0.24564320905007497,
        "std": 0.0425833613402057,
        "min": 0.0974896252155304,
        "max": 0.393975168466568,
        "median": 0.24891305714845657,
        "q70": 0.2703769892454147,
        "q80": 0.2823536455631256,
        "q90": 0.298527193069458
      }
    }
  }
}